"NOM_UF";"CODE_UF";"NOM_CR";"CODE_CR";"NOM_POLE";"CODE_POLE"
"DIRECTION GENERALE";"0001";"DIRECTION GENERALE";"001";"DIRECTION GENERALE";"11"
"AFFAIRES JURIDIQUES";"0002";"DIRECTION GENERALE";"001";"DIRECTION GENERALE";"11"
"DIRECTION COMMUNE ET AUTRES MISSIONS DELEGUEES";"0011";"DIRECTION GENERALE";"001";"DIRECTION GENERALE";"11"
"AUMONERIE";"0312";"DIRECTION GENERALE";"001";"DIRECTION GENERALE";"11"
"SERVICE SOCIAL";"0310";"DIRECTION GENERALE";"001";"DIRECTION GENERALE";"11"
"DELEGATION AUX POLES";"2992";"DIRECTION GENERALE";"001";"DIRECTION GENERALE";"11"
"GHT - AUDE /  PYRENEES";"0022";"GHT";"003";"DIRECTION GENERALE";"11"
"EMC SSR";"0006";"DEPARTEMENT DE LA POLITIQUE MEDICALE ET DES AFFAIRES FINANCIERES";"050";"DEPARTEMENT DE LA POLITIQUE MEDICALE ET DES AFFAIRES FINANCIERES";"13"
"COORDINATION SSR 66";"0007";"DEPARTEMENT DE LA POLITIQUE MEDICALE ET DES AFFAIRES FINANCIERES";"050";"DEPARTEMENT DE LA POLITIQUE MEDICALE ET DES AFFAIRES FINANCIERES";"13"
"DIRECTION DE LA POLITIQUE MEDICALE";"0150";"DEPARTEMENT DE LA POLITIQUE MEDICALE ET DES AFFAIRES FINANCIERES";"050";"DEPARTEMENT DE LA POLITIQUE MEDICALE ET DES AFFAIRES FINANCIERES";"13"
"CONTRÔLE DE GESTION";"0151";"DEPARTEMENT DE LA POLITIQUE MEDICALE ET DES AFFAIRES FINANCIERES";"050";"DEPARTEMENT DE LA POLITIQUE MEDICALE ET DES AFFAIRES FINANCIERES";"13"
"UNITE DE RECHERCHE CLINIQUE";"0152";"DEPARTEMENT DE LA POLITIQUE MEDICALE ET DES AFFAIRES FINANCIERES";"050";"DEPARTEMENT DE LA POLITIQUE MEDICALE ET DES AFFAIRES FINANCIERES";"13"
"INTERNAT";"0210";"DEPARTEMENT DE LA POLITIQUE MEDICALE ET DES AFFAIRES FINANCIERES";"050";"DEPARTEMENT DE LA POLITIQUE MEDICALE ET DES AFFAIRES FINANCIERES";"13"
"CENTRE EDITION";"0204";"DEPARTEMENT DE LA POLITIQUE MEDICALE ET DES AFFAIRES FINANCIERES";"050";"DEPARTEMENT DE LA POLITIQUE MEDICALE ET DES AFFAIRES FINANCIERES";"13"
"COMMUNICATION";"1004";"DEPARTEMENT DE LA POLITIQUE MEDICALE ET DES AFFAIRES FINANCIERES";"050";"DEPARTEMENT DE LA POLITIQUE MEDICALE ET DES AFFAIRES FINANCIERES";"13"
"FACTURATION RECETTES HOSPITALIERES";"0300";"DEPARTEMENT DE LA POLITIQUE MEDICALE ET DES AFFAIRES FINANCIERES";"050";"DEPARTEMENT DE LA POLITIQUE MEDICALE ET DES AFFAIRES FINANCIERES";"13"
"ADMISSIONS CENTRALES";"0320";"DEPARTEMENT DE LA POLITIQUE MEDICALE ET DES AFFAIRES FINANCIERES";"050";"DEPARTEMENT DE LA POLITIQUE MEDICALE ET DES AFFAIRES FINANCIERES";"13"
"ADMISSIONS URGENCES";"0323";"DEPARTEMENT DE LA POLITIQUE MEDICALE ET DES AFFAIRES FINANCIERES";"050";"DEPARTEMENT DE LA POLITIQUE MEDICALE ET DES AFFAIRES FINANCIERES";"13"
"DIRECTION DES FINANCES";"0500";"DEPARTEMENT DE LA POLITIQUE MEDICALE ET DES AFFAIRES FINANCIERES";"050";"DEPARTEMENT DE LA POLITIQUE MEDICALE ET DES AFFAIRES FINANCIERES";"13"
"ACCUEIL PHYSIQUE ET TELEPHONIQUE";"1006";"DEPARTEMENT DE LA POLITIQUE MEDICALE ET DES AFFAIRES FINANCIERES";"050";"DEPARTEMENT DE LA POLITIQUE MEDICALE ET DES AFFAIRES FINANCIERES";"13"
"DIRECTION DES ACHATS";"0201";"DEPARTEMENT DES MOYENS OPERATIONNELS";"020";"DEPARTEMENT DES MOYENS OPERATIONNELS";"14"
"MAGASIN";"0203";"DEPARTEMENT DES MOYENS OPERATIONNELS";"020";"DEPARTEMENT DES MOYENS OPERATIONNELS";"14"
"TRANSPORT CHARGES LEGERES";"0206";"DEPARTEMENT DES MOYENS OPERATIONNELS";"020";"DEPARTEMENT DES MOYENS OPERATIONNELS";"14"
"TRANSPORT CHARGES LOURDES";"0207";"DEPARTEMENT DES MOYENS OPERATIONNELS";"020";"DEPARTEMENT DES MOYENS OPERATIONNELS";"14"
"CELLULE MARCHES PUBLICS";"0209";"DEPARTEMENT DES MOYENS OPERATIONNELS";"020";"DEPARTEMENT DES MOYENS OPERATIONNELS";"14"
"EQUIPE HOTELIERE";"0212";"DEPARTEMENT DES MOYENS OPERATIONNELS";"020";"DEPARTEMENT DES MOYENS OPERATIONNELS";"14"
"MAGASIN PRODUITS PERIMES, CASSES";"0213";"DEPARTEMENT DES MOYENS OPERATIONNELS";"020";"DEPARTEMENT DES MOYENS OPERATIONNELS";"14"
"BLANCHISSERIE";"1042";"DEPARTEMENT DES MOYENS OPERATIONNELS";"020";"DEPARTEMENT DES MOYENS OPERATIONNELS";"14"
"RESTAURATION";"1101";"DEPARTEMENT DES MOYENS OPERATIONNELS";"020";"DEPARTEMENT DES MOYENS OPERATIONNELS";"14"
"GENIE BIOMEDICAL";"1203";"DEPARTEMENT DES MOYENS OPERATIONNELS";"020";"DEPARTEMENT DES MOYENS OPERATIONNELS";"14"
"DIRECTION SERVICES TECHNIQUES";"1200";"DEPARTEMENT DES MOYENS OPERATIONNELS";"020";"DEPARTEMENT DES MOYENS OPERATIONNELS";"14"
"ATELIERS";"1201";"DEPARTEMENT DES MOYENS OPERATIONNELS";"020";"DEPARTEMENT DES MOYENS OPERATIONNELS";"14"
"JARDINS";"1202";"DEPARTEMENT DES MOYENS OPERATIONNELS";"020";"DEPARTEMENT DES MOYENS OPERATIONNELS";"14"
"ENTRETIEN DES VEHICULES";"1204";"DEPARTEMENT DES MOYENS OPERATIONNELS";"020";"DEPARTEMENT DES MOYENS OPERATIONNELS";"14"
"BATIMENTS HOSPITALIERS";"1205";"DEPARTEMENT DES MOYENS OPERATIONNELS";"020";"DEPARTEMENT DES MOYENS OPERATIONNELS";"14"
"SECURITE INCENDIE";"1207";"DEPARTEMENT DES MOYENS OPERATIONNELS";"020";"DEPARTEMENT DES MOYENS OPERATIONNELS";"14"
"NOUVEL HOPITAL";"1208";"DEPARTEMENT DES MOYENS OPERATIONNELS";"020";"DEPARTEMENT DES MOYENS OPERATIONNELS";"14"
"RESEAUX ELECTRIQUES";"1209";"DEPARTEMENT DES MOYENS OPERATIONNELS";"020";"DEPARTEMENT DES MOYENS OPERATIONNELS";"14"
"RADIOPROTECTION";"2305";"DEPARTEMENT DES MOYENS OPERATIONNELS";"020";"DEPARTEMENT DES MOYENS OPERATIONNELS";"14"
"DIRECTION DU SYSTEME INFORMATION";"0004";"DEPARTEMENT DES MOYENS OPERATIONNELS";"020";"DEPARTEMENT DES MOYENS OPERATIONNELS";"14"
"LOGEMENTS DE FONCTION";"0009";"DEPARTEMENT DES MOYENS OPERATIONNELS";"020";"DEPARTEMENT DES MOYENS OPERATIONNELS";"14"
"ARCHIVES CENTRALES";"0313";"DEPARTEMENT DES MOYENS OPERATIONNELS";"020";"DEPARTEMENT DES MOYENS OPERATIONNELS";"14"
"DIRECTION DES SOINS";"0003";"RESSOURCES HUMAINES ET ORGANISATIONS";"010";"RESSOURCES HUMAINES ET ORGANISATIONS";"12"
"UNITE ENTRETIEN ET HYGIENE";"2140";"RESSOURCES HUMAINES ET ORGANISATIONS";"010";"RESSOURCES HUMAINES ET ORGANISATIONS";"12"
"UEH RDC ET 1ER ETAGE";"2142";"RESSOURCES HUMAINES ET ORGANISATIONS";"010";"RESSOURCES HUMAINES ET ORGANISATIONS";"12"
"UEH 2EME ET 3EME ETAGE";"2143";"RESSOURCES HUMAINES ET ORGANISATIONS";"010";"RESSOURCES HUMAINES ET ORGANISATIONS";"12"
"UEH 4EME ET 5EME ETAGE";"2144";"RESSOURCES HUMAINES ET ORGANISATIONS";"010";"RESSOURCES HUMAINES ET ORGANISATIONS";"12"
"DIETETIQUE";"1102";"RESSOURCES HUMAINES ET ORGANISATIONS";"010";"RESSOURCES HUMAINES ET ORGANISATIONS";"12"
"TRANSPORTS SANITAIRES";"1302";"RESSOURCES HUMAINES ET ORGANISATIONS";"010";"RESSOURCES HUMAINES ET ORGANISATIONS";"12"
"BRANCARDAGE";"1303";"RESSOURCES HUMAINES ET ORGANISATIONS";"010";"RESSOURCES HUMAINES ET ORGANISATIONS";"12"
"REGULATION DES FONCTIONS LOGISTIQUES";"1304";"RESSOURCES HUMAINES ET ORGANISATIONS";"010";"RESSOURCES HUMAINES ET ORGANISATIONS";"12"
"UTEP";"1305";"RESSOURCES HUMAINES ET ORGANISATIONS";"010";"RESSOURCES HUMAINES ET ORGANISATIONS";"12"
"DIRECTION DES RESSOURCES HUMAINES";"0101";"RESSOURCES HUMAINES ET ORGANISATIONS";"010";"RESSOURCES HUMAINES ET ORGANISATIONS";"12"
"SYNDICAT FO";"0102";"RESSOURCES HUMAINES ET ORGANISATIONS";"010";"RESSOURCES HUMAINES ET ORGANISATIONS";"12"
"SYNDICAT CGT";"0103";"RESSOURCES HUMAINES ET ORGANISATIONS";"010";"RESSOURCES HUMAINES ET ORGANISATIONS";"12"
"SYNDICAT CFTC";"0104";"RESSOURCES HUMAINES ET ORGANISATIONS";"010";"RESSOURCES HUMAINES ET ORGANISATIONS";"12"
"FORMATION";"0105";"RESSOURCES HUMAINES ET ORGANISATIONS";"010";"RESSOURCES HUMAINES ET ORGANISATIONS";"12"
"SYNDICAT CFDT";"0106";"RESSOURCES HUMAINES ET ORGANISATIONS";"010";"RESSOURCES HUMAINES ET ORGANISATIONS";"12"
"SYNDICAT UNSA";"0111";"RESSOURCES HUMAINES ET ORGANISATIONS";"010";"RESSOURCES HUMAINES ET ORGANISATIONS";"12"
"SANTE AU TRAVAIL";"0112";"RESSOURCES HUMAINES ET ORGANISATIONS";"010";"RESSOURCES HUMAINES ET ORGANISATIONS";"12"
"CONGES FORMATION PROFESSIONNELLE";"0114";"RESSOURCES HUMAINES ET ORGANISATIONS";"010";"RESSOURCES HUMAINES ET ORGANISATIONS";"12"
"SYNDICAT SUD SANTE";"0115";"RESSOURCES HUMAINES ET ORGANISATIONS";"010";"RESSOURCES HUMAINES ET ORGANISATIONS";"12"
"PERPIGNAN FORMATION SANTE (PFS)";"0116";"RESSOURCES HUMAINES ET ORGANISATIONS";"010";"RESSOURCES HUMAINES ET ORGANISATIONS";"12"
"ERRSSE";"0117";"RESSOURCES HUMAINES ET ORGANISATIONS";"010";"RESSOURCES HUMAINES ET ORGANISATIONS";"12"
"ECER POOL METABOLIQUE";"0121";"RESSOURCES HUMAINES ET ORGANISATIONS";"010";"RESSOURCES HUMAINES ET ORGANISATIONS";"12"
"ECER POOL NCPR";"0122";"RESSOURCES HUMAINES ET ORGANISATIONS";"010";"RESSOURCES HUMAINES ET ORGANISATIONS";"12"
"ECER POOL AHO";"0123";"RESSOURCES HUMAINES ET ORGANISATIONS";"010";"RESSOURCES HUMAINES ET ORGANISATIONS";"12"
"ECER POOL FACE ORTHO";"0124";"RESSOURCES HUMAINES ET ORGANISATIONS";"010";"RESSOURCES HUMAINES ET ORGANISATIONS";"12"
"ECER POOL ANESTHESIE REA";"0125";"RESSOURCES HUMAINES ET ORGANISATIONS";"010";"RESSOURCES HUMAINES ET ORGANISATIONS";"12"
"ECER POOL URGENCES";"0126";"RESSOURCES HUMAINES ET ORGANISATIONS";"010";"RESSOURCES HUMAINES ET ORGANISATIONS";"12"
"ECER POOL SPECIALITES MEDICALES";"0127";"RESSOURCES HUMAINES ET ORGANISATIONS";"010";"RESSOURCES HUMAINES ET ORGANISATIONS";"12"
"ECER POOL FEMME ENFANT";"0128";"RESSOURCES HUMAINES ET ORGANISATIONS";"010";"RESSOURCES HUMAINES ET ORGANISATIONS";"12"
"ECER POOL GERIATRIE";"0129";"RESSOURCES HUMAINES ET ORGANISATIONS";"010";"RESSOURCES HUMAINES ET ORGANISATIONS";"12"
"ECER POOL MEDICO TECHNIQUE";"0130";"RESSOURCES HUMAINES ET ORGANISATIONS";"010";"RESSOURCES HUMAINES ET ORGANISATIONS";"12"
"PROMO PROF";"0144";"RESSOURCES HUMAINES ET ORGANISATIONS";"010";"RESSOURCES HUMAINES ET ORGANISATIONS";"12"
"CRECHE DU PERSONNEL";"0113";"CRECHE DU PERSONNEL";"013";"RESSOURCES HUMAINES ET ORGANISATIONS";"12"
"IFSI";"0401";"IMFSI";"040";"RESSOURCES HUMAINES ET ORGANISATIONS";"12"
"ECOLE AS";"0409";"IMFSI";"040";"RESSOURCES HUMAINES ET ORGANISATIONS";"12"
"PÔLE SANTE MENTALE";"8000";"ACTIVITES SUBSIDIAIRES (non juridiquement rattachées à l'établissement)";"800";"RESSOURCES HUMAINES ET ORGANISATIONS";"12"
"IRTS";"8011";"ACTIVITES SUBSIDIAIRES (non juridiquement rattachées à l'établissement)";"800";"RESSOURCES HUMAINES ET ORGANISATIONS";"12"
"FHF LR";"8013";"ACTIVITES SUBSIDIAIRES (non juridiquement rattachées à l'établissement)";"800";"RESSOURCES HUMAINES ET ORGANISATIONS";"12"
"USSAP";"8015";"ACTIVITES SUBSIDIAIRES (non juridiquement rattachées à l'établissement)";"800";"RESSOURCES HUMAINES ET ORGANISATIONS";"12"
"HEBERGEMENTS DEMUNIS";"0205";"ACTIVITES SUBSIDIAIRES (non juridiquement rattachées à l'établissement)";"800";"RESSOURCES HUMAINES ET ORGANISATIONS";"12"
"AIDER";"3098";"ACTIVITES SUBSIDIAIRES (non juridiquement rattachées à l'établissement)";"800";"RESSOURCES HUMAINES ET ORGANISATIONS";"12"
"GIP ETS";"4500";"ACTIVITES SUBSIDIAIRES (non juridiquement rattachées à l'établissement)";"800";"RESSOURCES HUMAINES ET ORGANISATIONS";"12"
"PSR";"8016";"ACTIVITES SUBSIDIAIRES (non juridiquement rattachées à l'établissement)";"800";"RESSOURCES HUMAINES ET ORGANISATIONS";"12"
"CRS SECOURS EN MONTAGNE";"8017";"ACTIVITES SUBSIDIAIRES (non juridiquement rattachées à l'établissement)";"800";"RESSOURCES HUMAINES ET ORGANISATIONS";"12"
"GEIE PET SCAN";"8020";"ACTIVITES SUBSIDIAIRES (non juridiquement rattachées à l'établissement)";"800";"RESSOURCES HUMAINES ET ORGANISATIONS";"12"
"RESEAU SOINS PALLIATIFS 66";"8030";"ACTIVITES SUBSIDIAIRES (non juridiquement rattachées à l'établissement)";"800";"RESSOURCES HUMAINES ET ORGANISATIONS";"12"
"MEDECINS CORRESPONDANTS  SAMU CAPCIR";"8031";"ACTIVITES SUBSIDIAIRES (non juridiquement rattachées à l'établissement)";"800";"RESSOURCES HUMAINES ET ORGANISATIONS";"12"
"MAISON MEDICALE DE GARDE";"8032";"ACTIVITES SUBSIDIAIRES (non juridiquement rattachées à l'établissement)";"800";"RESSOURCES HUMAINES ET ORGANISATIONS";"12"
"MEDECINS CORRESPONDANTS SAMU FENOUILLEDES ";"8033";"ACTIVITES SUBSIDIAIRES (non juridiquement rattachées à l'établissement)";"800";"RESSOURCES HUMAINES ET ORGANISATIONS";"12"
"QUALITE ET GESTION DES RISQUES";"0041";"PRESIDENCE CME";"060";"PRESIDENCE CME";"15"
"SERVICE INFORMATION MEDICALE";"2990";"PRESIDENCE CME";"060";"PRESIDENCE CME";"15"
"PRATICIEN REFERENT QGDR";"2991";"PRESIDENCE CME";"060";"PRESIDENCE CME";"15"
"PRESIDENT CME";"2993";"PRESIDENCE CME";"060";"PRESIDENCE CME";"15"
"HEMOVIGILANCE";"2706";"PRESIDENCE CME";"060";"PRESIDENCE CME";"15"
"HC GASTRO ENTEROLOGIE";"3070";"HEPATO GASTRO-ENTEROLOGIE";"307";"ABDOMEN- HEMATOLOGIE - ONCOLOGIE";"3"
"HJ GASTRO ENTEROLOGIE";"3072";"HEPATO GASTRO-ENTEROLOGIE";"307";"ABDOMEN- HEMATOLOGIE - ONCOLOGIE";"3"
"EXT GASTRO ENTEROLOGIE";"3074";"HEPATO GASTRO-ENTEROLOGIE";"307";"ABDOMEN- HEMATOLOGIE - ONCOLOGIE";"3"
"EQUIPE MOBILE HEPATITES";"3075";"HEPATO GASTRO-ENTEROLOGIE";"307";"ABDOMEN- HEMATOLOGIE - ONCOLOGIE";"3"
"EXPLO GASTRO ENTEROLOGIE";"3078";"HEPATO GASTRO-ENTEROLOGIE";"307";"ABDOMEN- HEMATOLOGIE - ONCOLOGIE";"3"
"EXT CHIR VISCERALE";"3104";"CHIRURGIE VISCERALE";"310";"ABDOMEN- HEMATOLOGIE - ONCOLOGIE";"3"
"HC CHIR VISCERALE";"3100";"CHIRURGIE VISCERALE";"310";"ABDOMEN- HEMATOLOGIE - ONCOLOGIE";"3"
"HC HEMATOLOGIE";"3060";"HEMATOLOGIE";"306";"ABDOMEN- HEMATOLOGIE - ONCOLOGIE";"3"
"HJ HEMATOLOGIE";"3062";"HEMATOLOGIE";"306";"ABDOMEN- HEMATOLOGIE - ONCOLOGIE";"3"
"EXT HEMATOLOGIE";"3064";"HEMATOLOGIE";"306";"ABDOMEN- HEMATOLOGIE - ONCOLOGIE";"3"
"HC HEMATOLOGIE CHAMBRES STERILES";"3065";"HEMATOLOGIE";"306";"ABDOMEN- HEMATOLOGIE - ONCOLOGIE";"3"
"HJ ONCOLOGIE";"3063";"ONCOLOGIE";"306";"ABDOMEN- HEMATOLOGIE - ONCOLOGIE";"3"
"HC ONCOLOGIE";"3066";"ONCOLOGIE";"306";"ABDOMEN- HEMATOLOGIE - ONCOLOGIE";"3"
"EXT ONCO GENETIQUE";"3280";"ONCOLOGIE";"306";"ABDOMEN- HEMATOLOGIE - ONCOLOGIE";"3"
"EXT DISPOSITIF ANNONCE CANCER";"3282";"ONCOLOGIE";"306";"ABDOMEN- HEMATOLOGIE - ONCOLOGIE";"3"
"EXT ONCOLOGIE";"3284";"ONCOLOGIE";"306";"ABDOMEN- HEMATOLOGIE - ONCOLOGIE";"3"
"EQUIPE MOBILE SOINS PALLIATIFS";"3250";"EMSP";"325";"ABDOMEN- HEMATOLOGIE - ONCOLOGIE";"3"
"EXT USMP";"3925";"POPULATION DETENUS";"272";"ABDOMEN- HEMATOLOGIE - ONCOLOGIE";"3"
"EXT CRA";"3927";"POPULATION DETENUS";"272";"ABDOMEN- HEMATOLOGIE - ONCOLOGIE";"3"
"EXT PASS";"2795";"ACTIVITE MEDICO SOCIALE";"279";"ABDOMEN- HEMATOLOGIE - ONCOLOGIE";"3"
"HC PEDIATRIE";"3900";"PEDIATRIE";"390";"FEMME - ENFANT";"8"
"URG SAU PEDIATRIE";"3901";"PEDIATRIE";"390";"FEMME - ENFANT";"8"
"HJ PEDIATRIE";"3902";"PEDIATRIE";"390";"FEMME - ENFANT";"8"
"UHCD PEDIATRIE";"3903";"PEDIATRIE";"390";"FEMME - ENFANT";"8"
"EXT PEDIATRIE";"3904";"PEDIATRIE";"390";"FEMME - ENFANT";"8"
"HC NEONATOLOGIE";"3910";"NEONATOLOGIE";"391";"FEMME - ENFANT";"8"
"HC UNITE KANGOUROU";"3911";"NEONATOLOGIE";"391";"FEMME - ENFANT";"8"
"USI NEONATOLOGIE";"3913";"NEONATOLOGIE";"391";"FEMME - ENFANT";"8"
"REA NEONATOLOGIE";"3915";"NEONATOLOGIE";"391";"FEMME - ENFANT";"8"
"EXT NEONATOLOGIE";"3914";"NEONATOLOGIE";"391";"FEMME - ENFANT";"8"
"HC GYNECOLOGIE";"3200";"GYNECOLOGIE-OBSTETRIQUE";"322";"FEMME - ENFANT";"8"
"HC GROSSESSES A HAUT RISQUE";"3201";"GYNECOLOGIE-OBSTETRIQUE";"322";"FEMME - ENFANT";"8"
"URG GYNECOLOGIE";"3204";"GYNECOLOGIE-OBSTETRIQUE";"322";"FEMME - ENFANT";"8"
"URG OBSTETRIQUE";"3205";"GYNECOLOGIE-OBSTETRIQUE";"322";"FEMME - ENFANT";"8"
"HC OBSTETRIQUE";"3210";"GYNECOLOGIE-OBSTETRIQUE";"322";"FEMME - ENFANT";"8"
"HJ OBSTETRIQUE";"3212";"GYNECOLOGIE-OBSTETRIQUE";"322";"FEMME - ENFANT";"8"
"EXT GYNECOLOGIE";"3224";"GYNECOLOGIE-OBSTETRIQUE";"322";"FEMME - ENFANT";"8"
"EXT SUIVI DE GROSSESSE";"3225";"GYNECOLOGIE-OBSTETRIQUE";"322";"FEMME - ENFANT";"8"
"BLOC OBSTETRIQUE";"3227";"GYNECOLOGIE-OBSTETRIQUE";"322";"FEMME - ENFANT";"8"
"EXT ORTHOGENIE";"3294";"GYNECOLOGIE-OBSTETRIQUE";"322";"FEMME - ENFANT";"8"
"HAD OBSTETRIQUE";"7502";"GYNECOLOGIE-OBSTETRIQUE";"322";"FEMME - ENFANT";"8"
"EXT EQUIPE LIAISON EN ADDICTOLOGIE";"3015";"GYNECOLOGIE-OBSTETRIQUE";"322";"FEMME - ENFANT";"8"
"HJ ADDICTO";"3017";"GYNECOLOGIE-OBSTETRIQUE";"322";"FEMME - ENFANT";"8"
"SALLE DE SURVEILLANCE POST - INTERVENTIONNELLE";"2220";"ANESTHESIE";"222";"ANESTHESIE - REANIMATION";"5"
"EXT ANESTHESIE";"2224";"ANESTHESIE";"222";"ANESTHESIE - REANIMATION";"5"
"EXT ANESTHESIE OBSTETRIQUE";"2234";"ANESTHESIE";"222";"ANESTHESIE - REANIMATION";"5"
"REA ADULTE";"3050";"ANESTHESIE";"222";"ANESTHESIE - REANIMATION";"5"
"EXT REANIMATION";"3052";"ANESTHESIE";"222";"ANESTHESIE - REANIMATION";"5"
"UNITE SOINS CONTINUS";"3163";"ANESTHESIE";"222";"ANESTHESIE - REANIMATION";"5"
"USV2 - SRPR (Soins Réadapt Post Réa COVID 19)";"3165";"ANESTHESIE";"222";"ANESTHESIE - REANIMATION";"5"
"EXT DOULEUR CHRONIQUE";"3934";"ANESTHESIE";"222";"ANESTHESIE - REANIMATION";"5"
"UNITE PRELEVEMENTS MULTI ORGANES ET TRANSPLANTATION";"3260";"BLOC OPERATOIRE";"220";"ANESTHESIE - REANIMATION";"5"
"BLOC";"2200";"BLOC OPERATOIRE";"220";"ANESTHESIE - REANIMATION";"5"
"HC CARDIOLOGIE";"3040";"CARDIOLOGIE";"304";"NEUROLOGIE - CARDIOLOGIE - PNEUMOLOGIE - REEDUCATION";"2"
"HS CARDIOLOGIE";"3041";"CARDIOLOGIE";"304";"NEUROLOGIE - CARDIOLOGIE - PNEUMOLOGIE - REEDUCATION";"2"
"HJ CARDIOLOGIE";"3042";"CARDIOLOGIE";"304";"NEUROLOGIE - CARDIOLOGIE - PNEUMOLOGIE - REEDUCATION";"2"
"EXT CARDIOLOGIE";"3044";"CARDIOLOGIE";"304";"NEUROLOGIE - CARDIOLOGIE - PNEUMOLOGIE - REEDUCATION";"2"
"USI CARDIO";"3043";"CARDIOLOGIE";"304";"NEUROLOGIE - CARDIOLOGIE - PNEUMOLOGIE - REEDUCATION";"2"
"EXT ANGEIOLOGIE";"3027";"CARDIOLOGIE";"304";"NEUROLOGIE - CARDIOLOGIE - PNEUMOLOGIE - REEDUCATION";"2"
"HC UNV POST AVC";"3018";"NEUROLOGIE";"302";"NEUROLOGIE - CARDIOLOGIE - PNEUMOLOGIE - REEDUCATION";"2"
"HC NEUROLOGIE GENERALE";"3020";"NEUROLOGIE";"302";"NEUROLOGIE - CARDIOLOGIE - PNEUMOLOGIE - REEDUCATION";"2"
"HS NEUROLOGIE";"3022";"NEUROLOGIE";"302";"NEUROLOGIE - CARDIOLOGIE - PNEUMOLOGIE - REEDUCATION";"2"
"USI NEURO VASCULAIRE";"3023";"NEUROLOGIE";"302";"NEUROLOGIE - CARDIOLOGIE - PNEUMOLOGIE - REEDUCATION";"2"
"EXT NEUROLOGIE";"3024";"NEUROLOGIE";"302";"NEUROLOGIE - CARDIOLOGIE - PNEUMOLOGIE - REEDUCATION";"2"
"EXT POST AVC";"3025";"NEUROLOGIE";"302";"NEUROLOGIE - CARDIOLOGIE - PNEUMOLOGIE - REEDUCATION";"2"
"HJ NEUROLOGIE";"3026";"NEUROLOGIE";"302";"NEUROLOGIE - CARDIOLOGIE - PNEUMOLOGIE - REEDUCATION";"2"
"EXPLO NEURO ET NEURO VASC";"3028";"NEUROLOGIE";"302";"NEUROLOGIE - CARDIOLOGIE - PNEUMOLOGIE - REEDUCATION";"2"
"HEB HS NEURO CARDIO";"3045";"NEUROLOGIE";"302";"NEUROLOGIE - CARDIOLOGIE - PNEUMOLOGIE - REEDUCATION";"2"
"HC MED NON COVID";"3941";"NEUROLOGIE";"302";"NEUROLOGIE - CARDIOLOGIE - PNEUMOLOGIE - REEDUCATION";"2"
"EXT NEUROCHIRURGIE";"3134";"NEUROCHIRURGIE";"313";"NEUROLOGIE - CARDIOLOGIE - PNEUMOLOGIE - REEDUCATION";"2"
"HC NEUROCHIRURGIE";"3130";"NEUROCHIRURGIE";"313";"NEUROLOGIE - CARDIOLOGIE - PNEUMOLOGIE - REEDUCATION";"2"
"HC PNEUMOLOGIE";"3030";"PNEUMOLOGIE";"303";"NEUROLOGIE - CARDIOLOGIE - PNEUMOLOGIE - REEDUCATION";"2"
"EXT PNEUMOLOGIE";"3034";"PNEUMOLOGIE";"303";"NEUROLOGIE - CARDIOLOGIE - PNEUMOLOGIE - REEDUCATION";"2"
"EXPLO PNEUMOLOGIE";"3038";"PNEUMOLOGIE";"303";"NEUROLOGIE - CARDIOLOGIE - PNEUMOLOGIE - REEDUCATION";"2"
"EXT ADDICTOLOGIE";"3035";"PNEUMOLOGIE";"303";"NEUROLOGIE - CARDIOLOGIE - PNEUMOLOGIE - REEDUCATION";"2"
"EXT CLAT";"3036";"PNEUMOLOGIE";"303";"NEUROLOGIE - CARDIOLOGIE - PNEUMOLOGIE - REEDUCATION";"2"
"MEDECINE PHYSIQUE ET READAPTATION";"2500";"MEDECINE PHYSIQUE ET READAPTATION";"250";"NEUROLOGIE - CARDIOLOGIE - PNEUMOLOGIE - REEDUCATION";"2"
"EXT MPR";"2504";"MEDECINE PHYSIQUE ET READAPTATION";"250";"NEUROLOGIE - CARDIOLOGIE - PNEUMOLOGIE - REEDUCATION";"2"
"EXT POST SSR";"2764";"SSR GERIATRIQUE";"276";"NEUROLOGIE - CARDIOLOGIE - PNEUMOLOGIE - REEDUCATION";"2"
"SSR GERIATRIE";"3600";"SSR GERIATRIQUE";"276";"NEUROLOGIE - CARDIOLOGIE - PNEUMOLOGIE - REEDUCATION";"2"
"CHIR CTV CMF ORL OPH";"3159";"FEDERATION CHIRURGIE FACE";"315";"FACE ET ORTHOPEDIE";"4"
"EXT CMF";"3154";"FEDERATION CHIRURGIE FACE";"315";"FACE ET ORTHOPEDIE";"4"
"HC CHIRURGIE ESTHETIQUE";"3156";"FEDERATION CHIRURGIE FACE";"315";"FACE ET ORTHOPEDIE";"4"
"EXT CHIRURGIE ESTHETIQUE";"3157";"FEDERATION CHIRURGIE FACE";"315";"FACE ET ORTHOPEDIE";"4"
"HC CMF";"3150";"FEDERATION CHIRURGIE FACE";"315";"FACE ET ORTHOPEDIE";"4"
"EXT ODONTOLOGIE";"3404";"ODONTOLOGIE";"340";"FACE ET ORTHOPEDIE";"4"
"URG ODONTOLOGIE";"3405";"ODONTOLOGIE";"340";"FACE ET ORTHOPEDIE";"4"
"HC ORL";"3170";"FEDERATION CHIRURGIE FACE";"315";"FACE ET ORTHOPEDIE";"4"
"EXT ORL";"3184";"FEDERATION CHIRURGIE FACE";"315";"FACE ET ORTHOPEDIE";"4"
"EXT OPH";"3984";"FEDERATION CHIRURGIE FACE";"315";"FACE ET ORTHOPEDIE";"4"
"HC OPH";"3180";"FEDERATION CHIRURGIE FACE";"315";"FACE ET ORTHOPEDIE";"4"
"HS  CHIR VISCERALE";"3101";"CHIRURGIE DE SEMAINE";"317";"FACE ET ORTHOPEDIE";"4"
"UNITE D'HEBERGEMENT HS";"3179";"CHIRURGIE DE SEMAINE";"317";"FACE ET ORTHOPEDIE";"4"
"HS HEPATO GASTRO ENTEROLOGIE";"3071";"CHIRURGIE DE SEMAINE";"317";"FACE ET ORTHOPEDIE";"4"
"HS ORTHO";"3111";"CHIRURGIE DE SEMAINE";"317";"FACE ET ORTHOPEDIE";"4"
"HS CTV";"3121";"CHIRURGIE DE SEMAINE";"317";"FACE ET ORTHOPEDIE";"4"
"HS UROLOGIE";"3141";"CHIRURGIE DE SEMAINE";"317";"FACE ET ORTHOPEDIE";"4"
"HS ORL";"3171";"CHIRURGIE DE SEMAINE";"317";"FACE ET ORTHOPEDIE";"4"
"HS OPH";"3182";"CHIRURGIE DE SEMAINE";"317";"FACE ET ORTHOPEDIE";"4"
"HS CMF";"3151";"CHIRURGIE DE SEMAINE";"317";"FACE ET ORTHOPEDIE";"4"
"EXT ORTHO";"3114";"ORTHOPEDIE";"311";"FACE ET ORTHOPEDIE";"4"
"HC ORTHO";"3110";"ORTHOPEDIE";"311";"FACE ET ORTHOPEDIE";"4"
"UNITE D'HEBERGEMENT CHIR AMBU";"3239";"CHIRURGIE AMBULATOIRE";"323";"FACE ET ORTHOPEDIE";"4"
"AMBU CHIRURGIE CRISTALLIN";"3181";"CHIRURGIE AMBULATOIRE";"323";"FACE ET ORTHOPEDIE";"4"
"AMBU GYNECO";"3222";"CHIRURGIE AMBULATOIRE";"323";"FACE ET ORTHOPEDIE";"4"
"AMBU VISCERALE";"3230";"CHIRURGIE AMBULATOIRE";"323";"FACE ET ORTHOPEDIE";"4"
"AMBU ORTHO";"3231";"CHIRURGIE AMBULATOIRE";"323";"FACE ET ORTHOPEDIE";"4"
"AMBU UROLOGIE";"3234";"CHIRURGIE AMBULATOIRE";"323";"FACE ET ORTHOPEDIE";"4"
"AMBU CMF";"3235";"CHIRURGIE AMBULATOIRE";"323";"FACE ET ORTHOPEDIE";"4"
"AMBU ORL";"3236";"CHIRURGIE AMBULATOIRE";"323";"FACE ET ORTHOPEDIE";"4"
"AMBU OPH";"3238";"CHIRURGIE AMBULATOIRE";"323";"FACE ET ORTHOPEDIE";"4"
"AMBU NEUROCHIRURGIE";"3242";"CHIRURGIE AMBULATOIRE";"323";"FACE ET ORTHOPEDIE";"4"
"AMBU CTV";"3245";"CHIRURGIE AMBULATOIRE";"323";"FACE ET ORTHOPEDIE";"4"
"AMBU ANESTHESIE";"3248";"CHIRURGIE AMBULATOIRE";"323";"FACE ET ORTHOPEDIE";"4"
"HJ GYNECO I";"3220";"AUTRES ACTIVITES AMBULATOIRE";"324";"FACE ET ORTHOPEDIE";"4"
"HJ GYNECO M";"3221";"AUTRES ACTIVITES AMBULATOIRE";"324";"FACE ET ORTHOPEDIE";"4"
"AMBU GASTRO ENTEROLOGIE";"3237";"AUTRES ACTIVITES AMBULATOIRE";"324";"FACE ET ORTHOPEDIE";"4"
"AMBU RADIO INTERVENTIONNELLE";"3240";"AUTRES ACTIVITES AMBULATOIRE";"324";"FACE ET ORTHOPEDIE";"4"
"AMBU TRAITEMENT DOULEUR";"3241";"AUTRES ACTIVITES AMBULATOIRE";"324";"FACE ET ORTHOPEDIE";"4"
"AMBU AUTRES ACTIVITES";"3249";"AUTRES ACTIVITES AMBULATOIRE";"324";"FACE ET ORTHOPEDIE";"4"
"EXT CHIR AMBU";"3153";"FEDERATION CHIRURGIE FACE";"315";"FACE ET ORTHOPEDIE";"4"
"EXT CTV";"3124";"CHIRURGIE THORACIQUE ET VASCULAIRE";"312";"FACE ET ORTHOPEDIE";"4"
"HC CTV";"3120";"CHIRURGIE THORACIQUE ET VASCULAIRE";"312";"FACE ET ORTHOPEDIE";"4"
"HC MEDECINE GERIATRIQUE";"3601";"MEDECINE GERIATRIQUE";"360";"GERIATRIE";"9"
"HJ MEDECINE GERIATRIQUE";"3602";"MEDECINE GERIATRIQUE";"360";"GERIATRIE";"9"
"EXT MEDECINE GERIATRIQUE";"3604";"MEDECINE GERIATRIQUE";"360";"GERIATRIE";"9"
"EQUIPE MOBILE GERIATRIE";"3612";"MEDECINE GERIATRIQUE";"360";"GERIATRIE";"9"
"PLATEFORME COVID EHPAD";"3613";"MEDECINE GERIATRIQUE";"360";"GERIATRIE";"9"
"EXT CONSULTATION MEMOIRE";"3021";"MEDECINE GERIATRIQUE";"360";"GERIATRIE";"9"
"SLD GERIATRIE SOINS";"3800";"USLD";"380 et 381";"GERIATRIE";"9"
"SLD GERIATRIE HEBERGEMENT";"3801";"USLD";"380 et 381";"GERIATRIE";"9"
"SLD GERIATRIE DEPENDANCE";"3803";"USLD";"380 et 381";"GERIATRIE";"9"
"CCMPPA SOINS";"3810";"USLD";"380 et 381";"GERIATRIE";"9"
"CCMPPA HEBERGEMENT";"3811";"USLD";"380 et 381";"GERIATRIE";"9"
"CCMPPA DEPENDANCE";"3813";"USLD";"380 et 381";"GERIATRIE";"9"
"PROTECTION DES MAJEURS USLD";"3815";"USLD";"380 et 381";"GERIATRIE";"9"
"USLD - CRISE SANITAIRE";"3888";"USLD";"380 et 381";"GERIATRIE";"9"
"EHPAD SOINS";"3840";"EHPAD - GCS";"384";"GERIATRIE";"9"
"EHPAD HEBERGEMENT";"3841";"EHPAD - GCS";"384";"GERIATRIE";"9"
"EHPAD DEPENDANCE";"3843";"EHPAD - GCS";"384";"GERIATRIE";"9"
"ALZHEIMER SOINS";"3850";"ACCUEIL DE JOUR - GCS";"385";"GERIATRIE";"9"
"ALZHEIMER HEBERGEMENT";"3851";"ACCUEIL DE JOUR - GCS";"385";"GERIATRIE";"9"
"ALZHEIMER DEPENDANCE";"3853";"ACCUEIL DE JOUR - GCS";"385";"GERIATRIE";"9"
"SSIAD PERPIGNAN";"7000";"SSIAD";"700";"GERIATRIE";"9"
"SSIAD EQUIPE SPECIALISEE ALZHEIMER";"7001";"SSIAD";"700";"GERIATRIE";"9"
"CLIC";"3270";"CLIC";"327";"GERIATRIE";"9"
"EXT MIG 1";"3004";"MEDECINE INTERNE ET GENERALE";"301";"SPECIALITES MEDICALES";"7"
"HC MEDECINE GENERALE";"3010";"MEDECINE INTERNE ET GENERALE";"301";"SPECIALITES MEDICALES";"7"
"HJ MEDECINE GENERALE";"3012";"MEDECINE INTERNE ET GENERALE";"301";"SPECIALITES MEDICALES";"7"
"EXT MEDECINE GENERALE";"3014";"MEDECINE INTERNE ET GENERALE";"301";"SPECIALITES MEDICALES";"7"
"EXT DERMATOLOGIE";"3016";"MEDECINE INTERNE ET GENERALE";"301";"SPECIALITES MEDICALES";"7"
"HC SMIT";"3920";"SMIT";"392";"SPECIALITES MEDICALES";"7"
"HS SMIT";"3921";"SMIT";"392";"SPECIALITES MEDICALES";"7"
"HJ SMIT";"3922";"SMIT";"392";"SPECIALITES MEDICALES";"7"
"EXT SMIT";"3924";"SMIT";"392";"SPECIALITES MEDICALES";"7"
"EXT VACCINATION";"3930";"SMIT";"392";"SPECIALITES MEDICALES";"7"
"EXT CEGIDD";"3931";"SMIT";"392";"SPECIALITES MEDICALES";"7"
"EXT CONSULTATION DU VOYAGEUR";"3932";"SMIT";"392";"SPECIALITES MEDICALES";"7"
"EXT CRISE SANITAIRE";"3933";"SMIT";"392";"SPECIALITES MEDICALES";"7"
"EXT CEGIDD PERPIGNAN ANTENNE";"3935";"SMIT";"392";"SPECIALITES MEDICALES";"7"
"EXT CEGIDD NARBONNE ANTENNE";"3936";"SMIT";"392";"SPECIALITES MEDICALES";"7"
"EXT PERS. CRISE SANITAIRE";"3937";"SMIT";"392";"SPECIALITES MEDICALES";"7"
"HC UNITE SAISONNIERE DE MEDECINE";"3938";"SMIT";"392";"SPECIALITES MEDICALES";"7"
"VACCINODROME";"3939";"SMIT";"392";"SPECIALITES MEDICALES";"7"
"HC  CRISE SANITAIRE";"3940";"SMIT";"392";"SPECIALITES MEDICALES";"7"
"HS RHUMATO";"2601";"RHUMATOLOGIE";"260";"SPECIALITES MEDICALES";"7"
"HJ RHUMATO";"2602";"RHUMATOLOGIE";"260";"SPECIALITES MEDICALES";"7"
"EXT RHUMATO";"2604";"RHUMATOLOGIE";"260";"SPECIALITES MEDICALES";"7"
"HC RHUMATO";"3001";"RHUMATOLOGIE";"260";"SPECIALITES MEDICALES";"7"
"HC NEPHRO";"3090";"NEPHROLOGIE- HEMODIALYSE";"309";"METABOLIQUE";"1"
"HC NEPHRO LITS DE REPLI";"3091";"NEPHROLOGIE- HEMODIALYSE";"309";"METABOLIQUE";"1"
"HJ NEPHRO";"3247";"NEPHROLOGIE- HEMODIALYSE";"309";"METABOLIQUE";"1"
"EXT NEPHRO";"3094";"NEPHROLOGIE- HEMODIALYSE";"309";"METABOLIQUE";"1"
"USI NEPHRO";"3928";"NEPHROLOGIE- HEMODIALYSE";"309";"METABOLIQUE";"1"
"HJ HEMODIALYSE";"3093";"NEPHROLOGIE- HEMODIALYSE";"309";"METABOLIQUE";"1"
"HJ HEMODIALYSE EDUC ET ORIENTATION";"3095";"NEPHROLOGIE- HEMODIALYSE";"309";"METABOLIQUE";"1"
"EXT ENDOCRINO";"3084";"ENDOCRINOLOGIE";"308";"METABOLIQUE";"1"
"HC ENDOCRINO";"3080";"ENDOCRINOLOGIE";"308";"METABOLIQUE";"1"
"HS ENDOCRINO";"3081";"ENDOCRINOLOGIE";"308";"METABOLIQUE";"1"
"HJ ENDOCRINO";"3082";"ENDOCRINOLOGIE";"308";"METABOLIQUE";"1"
"EXT UROLOGIE";"3144";"CHIRURGIE UROLOGIQUE";"314";"METABOLIQUE";"1"
"HC UROLOGIE";"3140";"CHIRURGIE UROLOGIQUE";"314";"METABOLIQUE";"1"
"HJ UROLOGIE";"3142";"CHIRURGIE UROLOGIQUE";"314";"METABOLIQUE";"1"
"EXPLO UROLOGIE";"3148";"CHIRURGIE UROLOGIQUE";"314";"METABOLIQUE";"1"
"EXT MEDECINE DU SPORT";"2400";"MEDECINE DU SPORT";"240";"METABOLIQUE";"1"
"EXT RADIO CONVENTIONNELLE";"2300";"IMAGERIE MEDICALE";"230";"MEDICO-TECHNIQUE";"10"
"EXT SCANNER";"2303";"IMAGERIE MEDICALE";"230";"MEDICO-TECHNIQUE";"10"
"EXT TRANSFERT IMAGE CH NARBONNE";"2304";"IMAGERIE MEDICALE";"230";"MEDICO-TECHNIQUE";"10"
"EXT RADIO ERR";"2306";"IMAGERIE MEDICALE";"230";"MEDICO-TECHNIQUE";"10"
"EXT CS IMAGERIE";"2308";"IMAGERIE MEDICALE";"230";"MEDICO-TECHNIQUE";"10"
"HS RADIO INTERVENTIONNELLE";"2311";"IMAGERIE MEDICALE";"230";"MEDICO-TECHNIQUE";"10"
"EXT IRM";"2330";"IMAGERIE MEDICALE";"230";"MEDICO-TECHNIQUE";"10"
"EXT MEDECINE NUCLEAIRE";"2320";"MEDECINE NUCLEAIRE";"232";"MEDICO-TECHNIQUE";"10"
"EXT PET SCAN";"2321";"MEDECINE NUCLEAIRE";"232";"MEDICO-TECHNIQUE";"10"
"LABO B BIOCHIMIE";"2132";"LABORATOIRE BIOLOGIE - BIOCHIMIE";"212";"MEDICO-TECHNIQUE";"10"
"LABO BIOLOGIE MOLECULAIRE";"2133";"LABORATOIRE BIOLOGIE - BIOCHIMIE";"212";"MEDICO-TECHNIQUE";"10"
"LABO A SEROLOGIE";"2124";"LABORATOIRE BIOLOGIE - BIOCHIMIE";"212";"MEDICO-TECHNIQUE";"10"
"LABO A BACTERIOLOGIE";"2125";"LABORATOIRE BIOLOGIE - BIOCHIMIE";"212";"MEDICO-TECHNIQUE";"10"
"LABO A HEMATOLOGIE";"2126";"LABORATOIRE BIOLOGIE - BIOCHIMIE";"212";"MEDICO-TECHNIQUE";"10"
"ANATOMOPATHOLOGIE";"2110";"ANATOMOPATHOLOGIE";"211";"MEDICO-TECHNIQUE";"10"
"CENTRE DE RESSOURCES BIOLOGIQUES";"3281";"ANATOMOPATHOLOGIE";"211";"MEDICO-TECHNIQUE";"10"
"SERVICE MORTUAIRE";"311";"ANATOMOPATHOLOGIE";"211";"MEDICO-TECHNIQUE";"10"
"PHARMACIE";"2000";"PHARMACIE";"200";"MEDICO-TECHNIQUE";"10"
"PHARMA PRODUITS PERIMES, CASSES";"2002";"PHARMACIE";"200";"MEDICO-TECHNIQUE";"10"
"PHARMA PRODUITS EN QUARANTAINE";"2003";"PHARMACIE";"200";"MEDICO-TECHNIQUE";"10"
"PHARMA RETRAITS DE SPECIALITES";"2004";"PHARMACIE";"200";"MEDICO-TECHNIQUE";"10"
"PHARMA RETOURS DE STOCK";"2005";"PHARMACIE";"200";"MEDICO-TECHNIQUE";"10"
"PHARMA MEDICAMENTS";"2090";"PHARMACIE";"200";"MEDICO-TECHNIQUE";"10"
"PHARMA PETIT MATERIEL";"2091";"PHARMACIE";"200";"MEDICO-TECHNIQUE";"10"
"PHARMA RETROCESSION";"2094";"PHARMACIE";"200";"MEDICO-TECHNIQUE";"10"
"UNITE CENTRALISEE DE PREPARATION DES CYTOTOXIQUES";"2097";"PHARMACIE";"200";"MEDICO-TECHNIQUE";"10"
"STERILISATION";"2210";"PHARMACIE";"200";"MEDICO-TECHNIQUE";"10"
"EQUIPE OPERATIONNELLE HYGIENE";"2127";"HYGIENE HOSPITALIERE";"214";"MEDICO-TECHNIQUE";"10"
"TRAITEMENT DES ENDOSCOPES";"2141";"HYGIENE HOSPITALIERE";"214";"MEDICO-TECHNIQUE";"10"
"URG SAU ADULTE";"2704";"SAMU - SMUR - ACCUEIL URGENCES";"270";"URGENCES";"6"
"SAMU";"2730";"SAMU - SMUR - ACCUEIL URGENCES";"270";"URGENCES";"6"
"SMUR TERRESTRE";"2720";"SAMU - SMUR - ACCUEIL URGENCES";"270";"URGENCES";"6"
"SMUR AERIEN";"2721";"SAMU - SMUR - ACCUEIL URGENCES";"270";"URGENCES";"6"
"SMUR CERDAGNE ANTENNE PERMANENTE";"2750";"SAMU - SMUR - ACCUEIL URGENCES";"270";"URGENCES";"6"
"UHCD ADULTE";"2710";"SAMU - SMUR - ACCUEIL URGENCES";"270";"URGENCES";"6"
"HC CHAMBRES DETENUS";"2711";"SAMU - SMUR - ACCUEIL URGENCES";"270";"URGENCES";"6"
"UNITE D'HOSPITALISATION SPECIALISEE DES URGENCES";"2713";"SAMU - SMUR - ACCUEIL URGENCES";"270";"URGENCES";"6"
"EXT MEDECINE GENERALE";"2714";"SAMU - SMUR - ACCUEIL URGENCES";"270";"URGENCES";"6"
"UDOR";"2716";"SAMU - SMUR - ACCUEIL URGENCES";"270";"URGENCES";"6"
"CESU";"2705";"SAMU - SMUR - ACCUEIL URGENCES";"270";"URGENCES";"6"
"EXT UNITE AIDES AUX VICTIMES";"2796";"ACTIVITE MEDICO SOCIALE";"279";"URGENCES";"6"
"EXT UMJ";"2798";"ACTIVITE MEDICO SOCIALE";"279";"URGENCES";"6"
"HAD PERPIGNAN";"7500";"HOSPITALISATION A DOMICILE";"750";"URGENCES";"6"
"HAD PRADES";"7501";"HOSPITALISATION A DOMICILE";"750";"URGENCES";"6"
"SERV ADMI LOG ET TECH HOPITAL DE CERDAGNE";"6000";"HDC SERV ADM TECH ET LOG";"600";"HOPITAL DE CERDAGNE";"16"
"HC SERVICES CLINIQUES";"6100";"HDC SERVICES CLINIQUES";"610";"HOPITAL DE CERDAGNE";"16"
"EXT MEDICO TECH HOPITAL DE CERDAGNE HORS IMAGERIE";"6200";"HDC MEDICO TECH HORS IMAGERIE";"620";"HOPITAL DE CERDAGNE";"16"
"EXT IMAGERIE HOPITAL DE CERDAGNE";"6300";"HDC IMAGERIE";"630";"HOPITAL DE CERDAGNE";"16"
